SPAM_Start,SPAM_End,Peg_Start,Peg_End,Earliest Start,Latest End,S+PAM,Peg Extension,Pseudo Target
182,205,185,231,182,231,TGGGGAGGGAGTCAGGGCACGGG,AACCTCCGGCTGCCCTGACTCCCTCC,TGGGGAGGGAGTCAGGGCACGGGGAGAAATGATGAAAGGGCCGGAGGTT
181,204,184,231,181,231,ATGGGGAGGGAGTCAGGGCACGG,AACCTCCGGCTGCCCTGACTCCCTCCC,ATGGGGAGGGAGTCAGGGCACGGGGAGAAATGATGAAAGGGCCGGAGGTT
183,206,186,231,183,231,GGGGAGGGAGTCAGGGCACGGGG,AACCTCCGGCTGCCCTGACTCCCTC,GGGGAGGGAGTCAGGGCACGGGGAGAAATGATGAAAGGGCCGGAGGTT
176,199,191,242,176,242,GCTGTTCTTGTGACAACCTCCGG,AGTCAGGGCAGCCGGAGGTTGTCACAAGAAC,AGAGGATGGGGAGGGAGTCAGGGCACGGGGAGAAATGATGAAAGGGCCGGAGGTTGTCACAAGAAC
176,199,179,231,176,231,AGAGGATGGGGAGGGAGTCAGGG,AACCTCCGGCTGCCCTGACTCCCTCCCCATCC,AGAGGATGGGGAGGGAGTCAGGGCACGGGGAGAAATGATGAAAGGGCCGGAGGTT
175,198,178,231,175,231,AAGAGGATGGGGAGGGAGTCAGG,AACCTCCGGCTGCCCTGACTCCCTCCCCATCCT,AAGAGGATGGGGAGGGAGTCAGGGCACGGGGAGAAATGATGAAAGGGCCGGAGGTT
168,191,171,231,168,231,AGGAGAAAAGAGGATGGGGAGGG,AACCTCCGGCTGCCCTGACTCCCTCCCCATCCTCTTTTCT,AGGAGAAAAGAGGATGGGGAGGGAGTCAGGGCACGGGGAGAAATGATGAAAGGGCCGGAGGTT
167,190,170,231,167,231,GAGGAGAAAAGAGGATGGGGAGG,AACCTCCGGCTGCCCTGACTCCCTCCCCATCCTCTTTTCTC,GAGGAGAAAAGAGGATGGGGAGGGAGTCAGGGCACGGGGAGAAATGATGAAAGGGCCGGAGGTT
164,187,167,231,164,231,GGAGAGGAGAAAAGAGGATGGGG,AACCTCCGGCTGCCCTGACTCCCTCCCCATCCTCTTTTCTCCTC,GGAGAGGAGAAAAGAGGATGGGGAGGGAGTCAGGGCACGGGGAGAAATGATGAAAGGGCCGGAGGTT
163,186,166,231,163,231,GGGAGAGGAGAAAAGAGGATGGG,AACCTCCGGCTGCCCTGACTCCCTCCCCATCCTCTTTTCTCCTCT,GGGAGAGGAGAAAAGAGGATGGGGAGGGAGTCAGGGCACGGGGAGAAATGATGAAAGGGCCGGAGGTT
181,204,184,232,181,232,ATCGGGAGAGACCATTGGTGGGG,ACTCCCTCCCCCACCAATGGTCTCTCCC,ATCGGGAGAGACCATTGGTGGGGAGAGGAGAAAAGAGGATGGGGAGGGAGT
180,203,183,232,180,232,CATCGGGAGAGACCATTGGTGGG,ACTCCCTCCCCCACCAATGGTCTCTCCCG,CATCGGGAGAGACCATTGGTGGGGAGAGGAGAAAAGAGGATGGGGAGGGAGT
179,202,182,232,179,232,GCATCGGGAGAGACCATTGGTGG,ACTCCCTCCCCCACCAATGGTCTCTCCCGA,GCATCGGGAGAGACCATTGGTGGGGAGAGGAGAAAAGAGGATGGGGAGGGAGT
176,199,179,232,176,232,TGAGCATCGGGAGAGACCATTGG,ACTCCCTCCCCCACCAATGGTCTCTCCCGATGC,TGAGCATCGGGAGAGACCATTGGTGGGGAGAGGAGAAAAGAGGATGGGGAGGGAGT
164,187,167,232,164,232,ACCCCGCGCCACTGAGCATCGGG,ACTCCCTCCCCCACCAATGGTCTCTCCCGATGCTCAGTGGCGCGG,ACCCCGCGCCACTGAGCATCGGGAGAGACCATTGGTGGGGAGAGGAGAAAAGAGGATGGGGAGGGAGT
163,186,166,232,163,232,TACCCCGCGCCACTGAGCATCGG,ACTCCCTCCCCCACCAATGGTCTCTCCCGATGCTCAGTGGCGCGGG,TACCCCGCGCCACTGAGCATCGGGAGAGACCATTGGTGGGGAGAGGAGAAAAGAGGATGGGGAGGGAGT
181,204,184,232,181,232,AGAGGATGGGGAGGGAGTCAGGG,TCCGGCCCTTTTGACTCCCTCCCCATCC,AGAGGATGGGGAGGGAGTCAGGGCACGGGGAGAAATGATGAAAGGGCCGGA
180,203,183,232,180,232,AAGAGGATGGGGAGGGAGTCAGG,TCCGGCCCTTTTGACTCCCTCCCCATCCT,AAGAGGATGGGGAGGGAGTCAGGGCACGGGGAGAAATGATGAAAGGGCCGGA
173,196,176,232,173,232,AGGAGAAAAGAGGATGGGGAGGG,TCCGGCCCTTTTGACTCCCTCCCCATCCTCTTTTCT,AGGAGAAAAGAGGATGGGGAGGGAGTCAGGGCACGGGGAGAAATGATGAAAGGGCCGGA
172,195,175,232,172,232,GAGGAGAAAAGAGGATGGGGAGG,TCCGGCCCTTTTGACTCCCTCCCCATCCTCTTTTCTC,GAGGAGAAAAGAGGATGGGGAGGGAGTCAGGGCACGGGGAGAAATGATGAAAGGGCCGGA
171,194,191,247,171,247,GCTGTTCTTGTGACAACCTCCGG,GAGGGAGTCAAAAGGGCCGGAGGTTGTCACAAGAAC,AGAGGAGAAAAGAGGATGGGGAGGGAGTCAGGGCACGGGGAGAAATGATGAAAGGGCCGGAGGTTGTCACAAGAAC
169,192,172,232,169,232,GGAGAGGAGAAAAGAGGATGGGG,TCCGGCCCTTTTGACTCCCTCCCCATCCTCTTTTCTCCTC,GGAGAGGAGAAAAGAGGATGGGGAGGGAGTCAGGGCACGGGGAGAAATGATGAAAGGGCCGGA
168,191,171,232,168,232,GGGAGAGGAGAAAAGAGGATGGG,TCCGGCCCTTTTGACTCCCTCCCCATCCTCTTTTCTCCTCT,GGGAGAGGAGAAAAGAGGATGGGGAGGGAGTCAGGGCACGGGGAGAAATGATGAAAGGGCCGGA
167,190,170,232,167,232,GGGGAGAGGAGAAAAGAGGATGG,TCCGGCCCTTTTGACTCCCTCCCCATCCTCTTTTCTCCTCTC,GGGGAGAGGAGAAAAGAGGATGGGGAGGGAGTCAGGGCACGGGGAGAAATGATGAAAGGGCCGGA
163,186,166,232,163,232,TGGTGGGGAGAGGAGAAAAGAGG,TCCGGCCCTTTTGACTCCCTCCCCATCCTCTTTTCTCCTCTCCCCA,TGGTGGGGAGAGGAGAAAAGAGGATGGGGAGGGAGTCAGGGCACGGGGAGAAATGATGAAAGGGCCGGA
153,176,156,232,153,232,GAGAGACCATTGGTGGGGAGAGG,TCCGGCCCTTTTGACTCCCTCCCCATCCTCTTTTCTCCTCTCCCCACCAATGGTCT,GAGAGACCATTGGTGGGGAGAGGAGAAAAGAGGATGGGGAGGGAGTCAGGGCACGGGGAGAAATGATGAAAGGGCCGGA
180,203,190,238,180,238,CGGAGGCGGGGCTGGAGTGGTGG,GCGGCAATGCACCACTCCAGCCCCGCCT,CACCAGGGAAGCGGCAATGCAGACCTGCCACCCCCCTTCCACCACTCCAGCCCCGCCT
177,200,190,241,177,241,GGGCGGAGGCGGGGCTGGAGTGG,GCGGCAATGCACCACTCCAGCCCCGCCTCCG,CGGCACCAGGGAAGCGGCAATGCAGACCTGCCACCCCCCTTCCACCACTCCAGCCCCGCCTCCG
172,195,190,246,172,246,GGGGGGGGCGGAGGCGGGGCTGG,GCGGCAATGCACCACTCCAGCCCCGCCTCCGCCCCC,GCTCCCGGCACCAGGGAAGCGGCAATGCAGACCTGCCACCCCCCTTCCACCACTCCAGCCCCGCCTCCGCCCCC
171,194,174,231,171,231,TGCTCCCGGCACCAGGGAAGCGG,GCTGGAGTGGTGCATTGCCGCTTCCCTGGTGCCGGGA,TGCTCCCGGCACCAGGGAAGCGGCAATGCAGACCTGCCACCCCCCTTCCACCACTCCAGC
168,191,190,250,168,250,GGTAGGGGGGGGCGGAGGCGGGG,GCGGCAATGCACCACTCCAGCCCCGCCTCCGCCCCCCCCT,GACTGCTCCCGGCACCAGGGAAGCGGCAATGCAGACCTGCCACCCCCCTTCCACCACTCCAGCCCCGCCTCCGCCCCCCCCT
167,190,190,251,167,251,GGGTAGGGGGGGGCGGAGGCGGG,GCGGCAATGCACCACTCCAGCCCCGCCTCCGCCCCCCCCTA,CGACTGCTCCCGGCACCAGGGAAGCGGCAATGCAGACCTGCCACCCCCCTTCCACCACTCCAGCCCCGCCTCCGCCCCCCCCTA
166,189,190,252,166,252,GGGGTAGGGGGGGGCGGAGGCGG,GCGGCAATGCACCACTCCAGCCCCGCCTCCGCCCCCCCCTAC,GCGACTGCTCCCGGCACCAGGGAAGCGGCAATGCAGACCTGCCACCCCCCTTCCACCACTCCAGCCCCGCCTCCGCCCCCCCCTAC
165,188,168,231,165,231,GGCGACTGCTCCCGGCACCAGGG,GCTGGAGTGGTGCATTGCCGCTTCCCTGGTGCCGGGAGCAGTC,GGCGACTGCTCCCGGCACCAGGGAAGCGGCAATGCAGACCTGCCACCCCCCTTCCACCACTCCAGC
164,187,167,231,164,231,CGGCGACTGCTCCCGGCACCAGG,GCTGGAGTGGTGCATTGCCGCTTCCCTGGTGCCGGGAGCAGTCG,CGGCGACTGCTCCCGGCACCAGGGAAGCGGCAATGCAGACCTGCCACCCCCCTTCCACCACTCCAGC
163,186,190,255,163,255,CGCGGGGTAGGGGGGGGCGGAGG,GCGGCAATGCACCACTCCAGCCCCGCCTCCGCCCCCCCCTACCCC,GCGGCGACTGCTCCCGGCACCAGGGAAGCGGCAATGCAGACCTGCCACCCCCCTTCCACCACTCCAGCCCCGCCTCCGCCCCCCCCTACCCC
173,196,176,232,173,232,GCCGCGGGCGGAGGCGGCAGCGG,TCTGCATTGCCAGTCGCCGCTGCCGCCTCCGCCCGC,GCCGCGGGCGGAGGCGGCAGCGGCGACTGCTCCCGGCACCAGGGAAGCGGCAATGCAGA
167,190,170,232,167,232,GTCCCGGCCGCGGGCGGAGGCGG,TCTGCATTGCCAGTCGCCGCTGCCGCCTCCGCCCGCGGCCGG,GTCCCGGCCGCGGGCGGAGGCGGCAGCGGCGACTGCTCCCGGCACCAGGGAAGCGGCAATGCAGA
166,189,191,252,166,252,AGTGGTGGAAGGGGGGTGGCAGG,AGCGGCGACTGGCAATGCAGACCTGCCACCCCCCTTCCACC,GGTCCCGGCCGCGGGCGGAGGCGGCAGCGGCGACTGCTCCCGGCACCAGGGAAGCGGCAATGCAGACCTGCCACCCCCCTTCCACC
164,187,167,232,164,232,GGGGTCCCGGCCGCGGGCGGAGG,TCTGCATTGCCAGTCGCCGCTGCCGCCTCCGCCCGCGGCCGGGAC,GGGGTCCCGGCCGCGGGCGGAGGCGGCAGCGGCGACTGCTCCCGGCACCAGGGAAGCGGCAATGCAGA
162,185,191,256,162,256,CTGGAGTGGTGGAAGGGGGGTGG,AGCGGCGACTGGCAATGCAGACCTGCCACCCCCCTTCCACCACTC,CGGGGGTCCCGGCCGCGGGCGGAGGCGGCAGCGGCGACTGCTCCCGGCACCAGGGAAGCGGCAATGCAGACCTGCCACCCCCCTTCCACCACTC
161,184,164,232,161,232,ACGGGGGTCCCGGCCGCGGGCGG,TCTGCATTGCCAGTCGCCGCTGCCGCCTCCGCCCGCGGCCGGGACCCC,ACGGGGGTCCCGGCCGCGGGCGGAGGCGGCAGCGGCGACTGCTCCCGGCACCAGGGAAGCGGCAATGCAGA
159,182,191,259,159,259,GGGCTGGAGTGGTGGAAGGGGGG,AGCGGCGACTGGCAATGCAGACCTGCCACCCCCCTTCCACCACTCCAG,GGACGGGGGTCCCGGCCGCGGGCGGAGGCGGCAGCGGCGACTGCTCCCGGCACCAGGGAAGCGGCAATGCAGACCTGCCACCCCCCTTCCACCACTCCAG
158,181,191,260,158,260,GGGGCTGGAGTGGTGGAAGGGGG,AGCGGCGACTGGCAATGCAGACCTGCCACCCCCCTTCCACCACTCCAGC,AGGACGGGGGTCCCGGCCGCGGGCGGAGGCGGCAGCGGCGACTGCTCCCGGCACCAGGGAAGCGGCAATGCAGACCTGCCACCCCCCTTCCACCACTCCAGC
158,181,161,232,158,232,AGGACGGGGGTCCCGGCCGCGGG,TCTGCATTGCCAGTCGCCGCTGCCGCCTCCGCCCGCGGCCGGGACCCCCGT,AGGACGGGGGTCCCGGCCGCGGGCGGAGGCGGCAGCGGCGACTGCTCCCGGCACCAGGGAAGCGGCAATGCAGA
157,180,191,261,157,261,CGGGGCTGGAGTGGTGGAAGGGG,AGCGGCGACTGGCAATGCAGACCTGCCACCCCCCTTCCACCACTCCAGCC,GAGGACGGGGGTCCCGGCCGCGGGCGGAGGCGGCAGCGGCGACTGCTCCCGGCACCAGGGAAGCGGCAATGCAGACCTGCCACCCCCCTTCCACCACTCCAGCC
183,206,186,231,183,231,GGGAGAAATGATGAAAGGGCCGG,TTTCCAGCTGCCTTTCATCATTTCT,GGGAGAAATGATGAAAGGGCCGGAGGTTGTCACAAGAACAGCTGGAAA
179,202,182,231,179,231,CACGGGGAGAAATGATGAAAGGG,TTTCCAGCTGCCTTTCATCATTTCTCCCC,CACGGGGAGAAATGATGAAAGGGCCGGAGGTTGTCACAAGAACAGCTGGAAA
178,201,181,231,178,231,GCACGGGGAGAAATGATGAAAGG,TTTCCAGCTGCCTTTCATCATTTCTCCCCG,GCACGGGGAGAAATGATGAAAGGGCCGGAGGTTGTCACAAGAACAGCTGGAAA
163,186,166,231,163,231,GGGGAGGGAGTCAGGGCACGGGG,TTTCCAGCTGCCTTTCATCATTTCTCCCCGTGCCCTGACTCCCTC,GGGGAGGGAGTCAGGGCACGGGGAGAAATGATGAAAGGGCCGGAGGTTGTCACAAGAACAGCTGGAAA
162,185,191,256,162,256,GGAAGGGCCTGGGAAGGGCTGGG,TGATGAAAGGCAGCTGGAAATGGCACCCAGCCCTTCCCAGGCCCT,TGGGGAGGGAGTCAGGGCACGGGGAGAAATGATGAAAGGGCCGGAGGTTGTCACAAGAACAGCTGGAAATGGCACCCAGCCCTTCCCAGGCCCT
162,185,165,231,162,231,TGGGGAGGGAGTCAGGGCACGGG,TTTCCAGCTGCCTTTCATCATTTCTCCCCGTGCCCTGACTCCCTCC,TGGGGAGGGAGTCAGGGCACGGGGAGAAATGATGAAAGGGCCGGAGGTTGTCACAAGAACAGCTGGAAA
161,184,191,257,161,257,AGGAAGGGCCTGGGAAGGGCTGG,TGATGAAAGGCAGCTGGAAATGGCACCCAGCCCTTCCCAGGCCCTT,ATGGGGAGGGAGTCAGGGCACGGGGAGAAATGATGAAAGGGCCGGAGGTTGTCACAAGAACAGCTGGAAATGGCACCCAGCCCTTCCCAGGCCCTT
161,184,164,231,161,231,ATGGGGAGGGAGTCAGGGCACGG,TTTCCAGCTGCCTTTCATCATTTCTCCCCGTGCCCTGACTCCCTCCC,ATGGGGAGGGAGTCAGGGCACGGGGAGAAATGATGAAAGGGCCGGAGGTTGTCACAAGAACAGCTGGAAA
157,180,191,261,157,261,TACTAGGAAGGGCCTGGGAAGGG,TGATGAAAGGCAGCTGGAAATGGCACCCAGCCCTTCCCAGGCCCTTCCTA,GAGGATGGGGAGGGAGTCAGGGCACGGGGAGAAATGATGAAAGGGCCGGAGGTTGTCACAAGAACAGCTGGAAATGGCACCCAGCCCTTCCCAGGCCCTTCCTA
156,179,191,262,156,262,TTACTAGGAAGGGCCTGGGAAGG,TGATGAAAGGCAGCTGGAAATGGCACCCAGCCCTTCCCAGGCCCTTCCTAG,AGAGGATGGGGAGGGAGTCAGGGCACGGGGAGAAATGATGAAAGGGCCGGAGGTTGTCACAAGAACAGCTGGAAATGGCACCCAGCCCTTCCCAGGCCCTTCCTAG
180,203,190,238,180,238,GGGGGGGGCGGAGGCGGGGCTGG,GCAGACCTGCCGCCCCGCCTCCGCCCCC,AAGCGGCAATGCAGACCTGCCACCCCCCTTCCACCACTCCAGCCCCGCCTCCGCCCCC
176,199,190,242,176,242,GGTAGGGGGGGGCGGAGGCGGGG,GCAGACCTGCCGCCCCGCCTCCGCCCCCCCCT,AGGGAAGCGGCAATGCAGACCTGCCACCCCCCTTCCACCACTCCAGCCCCGCCTCCGCCCCCCCCT
175,198,190,243,175,243,GGGTAGGGGGGGGCGGAGGCGGG,GCAGACCTGCCGCCCCGCCTCCGCCCCCCCCTA,CAGGGAAGCGGCAATGCAGACCTGCCACCCCCCTTCCACCACTCCAGCCCCGCCTCCGCCCCCCCCTA
174,197,190,244,174,244,GGGGTAGGGGGGGGCGGAGGCGG,GCAGACCTGCCGCCCCGCCTCCGCCCCCCCCTAC,CCAGGGAAGCGGCAATGCAGACCTGCCACCCCCCTTCCACCACTCCAGCCCCGCCTCCGCCCCCCCCTAC
171,194,190,247,171,247,CGCGGGGTAGGGGGGGGCGGAGG,GCAGACCTGCCGCCCCGCCTCCGCCCCCCCCTACCCC,GCACCAGGGAAGCGGCAATGCAGACCTGCCACCCCCCTTCCACCACTCCAGCCCCGCCTCCGCCCCCCCCTACCCC
168,191,190,250,168,250,TGGCGCGGGGTAGGGGGGGGCGG,GCAGACCTGCCGCCCCGCCTCCGCCCCCCCCTACCCCGCG,CCGGCACCAGGGAAGCGGCAATGCAGACCTGCCACCCCCCTTCCACCACTCCAGCCCCGCCTCCGCCCCCCCCTACCCCGCG
165,188,190,253,165,253,CAGTGGCGCGGGGTAGGGGGGGG,GCAGACCTGCCGCCCCGCCTCCGCCCCCCCCTACCCCGCGCCA,CTCCCGGCACCAGGGAAGCGGCAATGCAGACCTGCCACCCCCCTTCCACCACTCCAGCCCCGCCTCCGCCCCCCCCTACCCCGCGCCA
164,187,190,254,164,254,TCAGTGGCGCGGGGTAGGGGGGG,GCAGACCTGCCGCCCCGCCTCCGCCCCCCCCTACCCCGCGCCAC,GCTCCCGGCACCAGGGAAGCGGCAATGCAGACCTGCCACCCCCCTTCCACCACTCCAGCCCCGCCTCCGCCCCCCCCTACCCCGCGCCAC
163,186,190,255,163,255,CTCAGTGGCGCGGGGTAGGGGGG,GCAGACCTGCCGCCCCGCCTCCGCCCCCCCCTACCCCGCGCCACT,TGCTCCCGGCACCAGGGAAGCGGCAATGCAGACCTGCCACCCCCCTTCCACCACTCCAGCCCCGCCTCCGCCCCCCCCTACCCCGCGCCACT
163,186,166,231,163,231,TGCTCCCGGCACCAGGGAAGCGG,GAGGCGGGGCGGCAGGTCTGCATTGCCGCTTCCCTGGTGCCGGGA,TGCTCCCGGCACCAGGGAAGCGGCAATGCAGACCTGCCACCCCCCTTCCACCACTCCAGCCCCGCCTC
182,205,187,236,182,236,TGGTCTCTCCCGATGCTCAGTGG,GCCCCGCCTCCGCCGAGCATCGGGAGAGA,CTCCAGCCCCGCCTCCGCCCCCCCCTACCCCGCGCCACTGAGCATCGGGAGAGA
162,185,187,256,162,256,TTTTCTCCTCTCCCCACCAATGG,GCCCCGCCTCCGCCGAGCATCGGGAGAGACCATTGGTGGGGAGAGGAGA,CTGCCACCCCCCTTCCACCACTCCAGCCCCGCCTCCGCCCCCCCCTACCCCGCGCCACTGAGCATCGGGAGAGACCATTGGTGGGGAGAGGAGA
179,202,182,231,179,231,GCGGCAGCGGCGACTGCTCCCGG,GGCAGGTCTGCGGGAGCAGTCGCCGCTGC,GCGGCAGCGGCGACTGCTCCCGGCACCAGGGAAGCGGCAATGCAGACCTGCC
173,196,191,245,173,245,AGTGGTGGAAGGGGGGTGGCAGG,ACTGCTCCCGCAGACCTGCCACCCCCCTTCCACC,GCGGAGGCGGCAGCGGCGACTGCTCCCGGCACCAGGGAAGCGGCAATGCAGACCTGCCACCCCCCTTCCACC
169,192,191,249,169,249,CTGGAGTGGTGGAAGGGGGGTGG,ACTGCTCCCGCAGACCTGCCACCCCCCTTCCACCACTC,GCGGGCGGAGGCGGCAGCGGCGACTGCTCCCGGCACCAGGGAAGCGGCAATGCAGACCTGCCACCCCCCTTCCACCACTC
166,189,191,252,166,252,GGGCTGGAGTGGTGGAAGGGGGG,ACTGCTCCCGCAGACCTGCCACCCCCCTTCCACCACTCCAG,GCCGCGGGCGGAGGCGGCAGCGGCGACTGCTCCCGGCACCAGGGAAGCGGCAATGCAGACCTGCCACCCCCCTTCCACCACTCCAG
166,189,169,231,166,231,GCCGCGGGCGGAGGCGGCAGCGG,GGCAGGTCTGCGGGAGCAGTCGCCGCTGCCGCCTCCGCCCGC,GCCGCGGGCGGAGGCGGCAGCGGCGACTGCTCCCGGCACCAGGGAAGCGGCAATGCAGACCTGCC
165,188,191,253,165,253,GGGGCTGGAGTGGTGGAAGGGGG,ACTGCTCCCGCAGACCTGCCACCCCCCTTCCACCACTCCAGC,GGCCGCGGGCGGAGGCGGCAGCGGCGACTGCTCCCGGCACCAGGGAAGCGGCAATGCAGACCTGCCACCCCCCTTCCACCACTCCAGC
164,187,191,254,164,254,CGGGGCTGGAGTGGTGGAAGGGG,ACTGCTCCCGCAGACCTGCCACCCCCCTTCCACCACTCCAGCC,CGGCCGCGGGCGGAGGCGGCAGCGGCGACTGCTCCCGGCACCAGGGAAGCGGCAATGCAGACCTGCCACCCCCCTTCCACCACTCCAGCC
163,186,191,255,163,255,GCGGGGCTGGAGTGGTGGAAGGG,ACTGCTCCCGCAGACCTGCCACCCCCCTTCCACCACTCCAGCCC,CCGGCCGCGGGCGGAGGCGGCAGCGGCGACTGCTCCCGGCACCAGGGAAGCGGCAATGCAGACCTGCCACCCCCCTTCCACCACTCCAGCCC
162,185,191,256,162,256,GGCGGGGCTGGAGTGGTGGAAGG,ACTGCTCCCGCAGACCTGCCACCCCCCTTCCACCACTCCAGCCCC,CCCGGCCGCGGGCGGAGGCGGCAGCGGCGACTGCTCCCGGCACCAGGGAAGCGGCAATGCAGACCTGCCACCCCCCTTCCACCACTCCAGCCCC
160,183,163,231,160,231,GTCCCGGCCGCGGGCGGAGGCGG,GGCAGGTCTGCGGGAGCAGTCGCCGCTGCCGCCTCCGCCCGCGGCCGG,GTCCCGGCCGCGGGCGGAGGCGGCAGCGGCGACTGCTCCCGGCACCAGGGAAGCGGCAATGCAGACCTGCC
173,196,187,235,173,235,TTTTCTCCTCTCCCCACCAATGG,ACCCCGCGCCACTGGAGACCATTGGTGGGGAGAGGAGA,CTCCGCCCCCCCCTACCCCGCGCCACTGAGCATCGGGAGAGACCATTGGTGGGGAGAGGAGA
184,207,187,221,184,221,CACGGGGAGAAATGATGAAAGGG,GTGACAACCTCATCATTTCTCCCC,CACGGGGAGAAATGATGAAAGGGCCGGAGGTTGTCAC
183,206,186,221,183,221,GCACGGGGAGAAATGATGAAAGG,GTGACAACCTCATCATTTCTCCCCG,GCACGGGGAGAAATGATGAAAGGGCCGGAGGTTGTCAC
181,204,191,227,181,227,GCTGTTCTTGTGACAACCTCCGG,AGAAATGATGAGGTTGTCACAAGAAC,GGGCACGGGGAGAAATGATGAAAGGGCCGGAGGTTGTCACAAGAAC
168,191,171,221,168,221,GGGGAGGGAGTCAGGGCACGGGG,GTGACAACCTCATCATTTCTCCCCGTGCCCTGACTCCCTC,GGGGAGGGAGTCAGGGCACGGGGAGAAATGATGAAAGGGCCGGAGGTTGTCAC
167,190,170,221,167,221,TGGGGAGGGAGTCAGGGCACGGG,GTGACAACCTCATCATTTCTCCCCGTGCCCTGACTCCCTCC,TGGGGAGGGAGTCAGGGCACGGGGAGAAATGATGAAAGGGCCGGAGGTTGTCAC
166,189,169,221,166,221,ATGGGGAGGGAGTCAGGGCACGG,GTGACAACCTCATCATTTCTCCCCGTGCCCTGACTCCCTCCC,ATGGGGAGGGAGTCAGGGCACGGGGAGAAATGATGAAAGGGCCGGAGGTTGTCAC
161,184,164,221,161,221,AGAGGATGGGGAGGGAGTCAGGG,GTGACAACCTCATCATTTCTCCCCGTGCCCTGACTCCCTCCCCATCC,AGAGGATGGGGAGGGAGTCAGGGCACGGGGAGAAATGATGAAAGGGCCGGAGGTTGTCAC
160,183,163,221,160,221,AAGAGGATGGGGAGGGAGTCAGG,GTGACAACCTCATCATTTCTCCCCGTGCCCTGACTCCCTCCCCATCCT,AAGAGGATGGGGAGGGAGTCAGGGCACGGGGAGAAATGATGAAAGGGCCGGAGGTTGTCAC
153,176,156,221,153,221,AGGAGAAAAGAGGATGGGGAGGG,GTGACAACCTCATCATTTCTCCCCGTGCCCTGACTCCCTCCCCATCCTCTTTTCT,AGGAGAAAAGAGGATGGGGAGGGAGTCAGGGCACGGGGAGAAATGATGAAAGGGCCGGAGGTTGTCAC
152,175,155,221,152,221,GAGGAGAAAAGAGGATGGGGAGG,GTGACAACCTCATCATTTCTCCCCGTGCCCTGACTCCCTCCCCATCCTCTTTTCTC,GAGGAGAAAAGAGGATGGGGAGGGAGTCAGGGCACGGGGAGAAATGATGAAAGGGCCGGAGGTTGTCAC
181,204,189,227,181,227,TGGCGCGGGGTAGGGGGGGGCGG,ACCACTCCAGCCCCCCCCCTACCCCGCG,CCCCTTCCACCACTCCAGCCCCGCCTCCGCCCCCCCCTACCCCGCG
178,201,189,230,178,230,CAGTGGCGCGGGGTAGGGGGGGG,ACCACTCCAGCCCCCCCCCTACCCCGCGCCA,ACCCCCCTTCCACCACTCCAGCCCCGCCTCCGCCCCCCCCTACCCCGCGCCA
177,200,189,231,177,231,TCAGTGGCGCGGGGTAGGGGGGG,ACCACTCCAGCCCCCCCCCTACCCCGCGCCAC,CACCCCCCTTCCACCACTCCAGCCCCGCCTCCGCCCCCCCCTACCCCGCGCCAC
176,199,189,232,176,232,CTCAGTGGCGCGGGGTAGGGGGG,ACCACTCCAGCCCCCCCCCTACCCCGCGCCACT,CCACCCCCCTTCCACCACTCCAGCCCCGCCTCCGCCCCCCCCTACCCCGCGCCACT
175,198,189,233,175,233,GCTCAGTGGCGCGGGGTAGGGGG,ACCACTCCAGCCCCCCCCCTACCCCGCGCCACTG,GCCACCCCCCTTCCACCACTCCAGCCCCGCCTCCGCCCCCCCCTACCCCGCGCCACTG
174,197,189,234,174,234,TGCTCAGTGGCGCGGGGTAGGGG,ACCACTCCAGCCCCCCCCCTACCCCGCGCCACTGA,TGCCACCCCCCTTCCACCACTCCAGCCCCGCCTCCGCCCCCCCCTACCCCGCGCCACTGA
173,196,189,235,173,235,ATGCTCAGTGGCGCGGGGTAGGG,ACCACTCCAGCCCCCCCCCTACCCCGCGCCACTGAG,CTGCCACCCCCCTTCCACCACTCCAGCCCCGCCTCCGCCCCCCCCTACCCCGCGCCACTGAG
172,195,189,236,172,236,GATGCTCAGTGGCGCGGGGTAGG,ACCACTCCAGCCCCCCCCCTACCCCGCGCCACTGAGC,CCTGCCACCCCCCTTCCACCACTCCAGCCCCGCCTCCGCCCCCCCCTACCCCGCGCCACTGAGC
168,191,189,240,168,240,TCCCGATGCTCAGTGGCGCGGGG,ACCACTCCAGCCCCCCCCCTACCCCGCGCCACTGAGCATCG,CAGACCTGCCACCCCCCTTCCACCACTCCAGCCCCGCCTCCGCCCCCCCCTACCCCGCGCCACTGAGCATCG
167,190,189,241,167,241,CTCCCGATGCTCAGTGGCGCGGG,ACCACTCCAGCCCCCCCCCTACCCCGCGCCACTGAGCATCGG,GCAGACCTGCCACCCCCCTTCCACCACTCCAGCCCCGCCTCCGCCCCCCCCTACCCCGCGCCACTGAGCATCGG
180,203,183,221,180,221,GCCGCGGGCGGAGGCGGCAGCGG,TGGTGCCGGGGCTGCCGCCTCCGCCCGC,GCCGCGGGCGGAGGCGGCAGCGGCGACTGCTCCCGGCACCA
177,200,191,231,177,231,ATTGCCGCTTCCCTGGTGCCGGG,AGGCGGCAGCCCCGGCACCAGGGAAGCGGC,CCGGCCGCGGGCGGAGGCGGCAGCGGCGACTGCTCCCGGCACCAGGGAAGCGGC
176,199,191,232,176,232,CATTGCCGCTTCCCTGGTGCCGG,AGGCGGCAGCCCCGGCACCAGGGAAGCGGCA,CCCGGCCGCGGGCGGAGGCGGCAGCGGCGACTGCTCCCGGCACCAGGGAAGCGGCA
174,197,177,221,174,221,GTCCCGGCCGCGGGCGGAGGCGG,TGGTGCCGGGGCTGCCGCCTCCGCCCGCGGCCGG,GTCCCGGCCGCGGGCGGAGGCGGCAGCGGCGACTGCTCCCGGCACCA
171,194,174,221,171,221,GGGGTCCCGGCCGCGGGCGGAGG,TGGTGCCGGGGCTGCCGCCTCCGCCCGCGGCCGGGAC,GGGGTCCCGGCCGCGGGCGGAGGCGGCAGCGGCGACTGCTCCCGGCACCA
170,193,191,238,170,238,GGTCTGCATTGCCGCTTCCCTGG,AGGCGGCAGCCCCGGCACCAGGGAAGCGGCAATGCAG,GGGGGTCCCGGCCGCGGGCGGAGGCGGCAGCGGCGACTGCTCCCGGCACCAGGGAAGCGGCAATGCAG
168,191,171,221,168,221,ACGGGGGTCCCGGCCGCGGGCGG,TGGTGCCGGGGCTGCCGCCTCCGCCCGCGGCCGGGACCCC,ACGGGGGTCCCGGCCGCGGGCGGAGGCGGCAGCGGCGACTGCTCCCGGCACCA
165,188,168,221,165,221,AGGACGGGGGTCCCGGCCGCGGG,TGGTGCCGGGGCTGCCGCCTCCGCCCGCGGCCGGGACCCCCGT,AGGACGGGGGTCCCGGCCGCGGGCGGAGGCGGCAGCGGCGACTGCTCCCGGCACCA
164,187,167,221,164,221,GAGGACGGGGGTCCCGGCCGCGG,TGGTGCCGGGGCTGCCGCCTCCGCCCGCGGCCGGGACCCCCGTC,GAGGACGGGGGTCCCGGCCGCGGGCGGAGGCGGCAGCGGCGACTGCTCCCGGCACCA
158,181,161,221,158,221,CCGGGCGAGGACGGGGGTCCCGG,TGGTGCCGGGGCTGCCGCCTCCGCCCGCGGCCGGGACCCCCGTCCTCGCC,CCGGGCGAGGACGGGGGTCCCGGCCGCGGGCGGAGGCGGCAGCGGCGACTGCTCCCGGCACCA
183,206,190,225,183,225,CGCGGGGTAGGGGGGGGCGGAGG,ACCACTCCAGCCCCCCCCCTACCCC,CCCTTCCACCACTCCAGCCCCGCCTCCGCCCCCCCCTACCCC
180,203,190,228,180,228,TGGCGCGGGGTAGGGGGGGGCGG,ACCACTCCAGCCCCCCCCCTACCCCGCG,CCCCCCTTCCACCACTCCAGCCCCGCCTCCGCCCCCCCCTACCCCGCG
177,200,190,231,177,231,CAGTGGCGCGGGGTAGGGGGGGG,ACCACTCCAGCCCCCCCCCTACCCCGCGCCA,CCACCCCCCTTCCACCACTCCAGCCCCGCCTCCGCCCCCCCCTACCCCGCGCCA
176,199,190,232,176,232,TCAGTGGCGCGGGGTAGGGGGGG,ACCACTCCAGCCCCCCCCCTACCCCGCGCCAC,GCCACCCCCCTTCCACCACTCCAGCCCCGCCTCCGCCCCCCCCTACCCCGCGCCAC
175,198,190,233,175,233,CTCAGTGGCGCGGGGTAGGGGGG,ACCACTCCAGCCCCCCCCCTACCCCGCGCCACT,TGCCACCCCCCTTCCACCACTCCAGCCCCGCCTCCGCCCCCCCCTACCCCGCGCCACT
174,197,190,234,174,234,GCTCAGTGGCGCGGGGTAGGGGG,ACCACTCCAGCCCCCCCCCTACCCCGCGCCACTG,CTGCCACCCCCCTTCCACCACTCCAGCCCCGCCTCCGCCCCCCCCTACCCCGCGCCACTG
173,196,190,235,173,235,TGCTCAGTGGCGCGGGGTAGGGG,ACCACTCCAGCCCCCCCCCTACCCCGCGCCACTGA,CCTGCCACCCCCCTTCCACCACTCCAGCCCCGCCTCCGCCCCCCCCTACCCCGCGCCACTGA
172,195,190,236,172,236,ATGCTCAGTGGCGCGGGGTAGGG,ACCACTCCAGCCCCCCCCCTACCCCGCGCCACTGAG,ACCTGCCACCCCCCTTCCACCACTCCAGCCCCGCCTCCGCCCCCCCCTACCCCGCGCCACTGAG
171,194,190,237,171,237,GATGCTCAGTGGCGCGGGGTAGG,ACCACTCCAGCCCCCCCCCTACCCCGCGCCACTGAGC,GACCTGCCACCCCCCTTCCACCACTCCAGCCCCGCCTCCGCCCCCCCCTACCCCGCGCCACTGAGC
167,190,190,241,167,241,TCCCGATGCTCAGTGGCGCGGGG,ACCACTCCAGCCCCCCCCCTACCCCGCGCCACTGAGCATCG,TGCAGACCTGCCACCCCCCTTCCACCACTCCAGCCCCGCCTCCGCCCCCCCCTACCCCGCGCCACTGAGCATCG
181,204,189,227,181,227,CTCAGTGGCGCGGGGTAGGGGGG,TCCAGCCCCGCCCCTACCCCGCGCCACT,TCCACCACTCCAGCCCCGCCTCCGCCCCCCCCTACCCCGCGCCACT
180,203,189,228,180,228,GCTCAGTGGCGCGGGGTAGGGGG,TCCAGCCCCGCCCCTACCCCGCGCCACTG,TTCCACCACTCCAGCCCCGCCTCCGCCCCCCCCTACCCCGCGCCACTG
183,206,189,225,183,225,CAGTGGCGCGGGGTAGGGGGGGG,TCCAGCCCCGCCCCTACCCCGCGCCA,CACCACTCCAGCCCCGCCTCCGCCCCCCCCTACCCCGCGCCA
182,205,189,226,182,226,TCAGTGGCGCGGGGTAGGGGGGG,TCCAGCCCCGCCCCTACCCCGCGCCAC,CCACCACTCCAGCCCCGCCTCCGCCCCCCCCTACCCCGCGCCAC
179,202,189,229,179,229,TGCTCAGTGGCGCGGGGTAGGGG,TCCAGCCCCGCCCCTACCCCGCGCCACTGA,CTTCCACCACTCCAGCCCCGCCTCCGCCCCCCCCTACCCCGCGCCACTGA
178,201,189,230,178,230,ATGCTCAGTGGCGCGGGGTAGGG,TCCAGCCCCGCCCCTACCCCGCGCCACTGAG,CCTTCCACCACTCCAGCCCCGCCTCCGCCCCCCCCTACCCCGCGCCACTGAG
177,200,189,231,177,231,GATGCTCAGTGGCGCGGGGTAGG,TCCAGCCCCGCCCCTACCCCGCGCCACTGAGC,CCCTTCCACCACTCCAGCCCCGCCTCCGCCCCCCCCTACCCCGCGCCACTGAGC
173,196,189,235,173,235,TCCCGATGCTCAGTGGCGCGGGG,TCCAGCCCCGCCCCTACCCCGCGCCACTGAGCATCG,ACCCCCCTTCCACCACTCCAGCCCCGCCTCCGCCCCCCCCTACCCCGCGCCACTGAGCATCG
172,195,189,236,172,236,CTCCCGATGCTCAGTGGCGCGGG,TCCAGCCCCGCCCCTACCCCGCGCCACTGAGCATCGG,CACCCCCCTTCCACCACTCCAGCCCCGCCTCCGCCCCCCCCTACCCCGCGCCACTGAGCATCGG
171,194,189,237,171,237,TCTCCCGATGCTCAGTGGCGCGG,TCCAGCCCCGCCCCTACCCCGCGCCACTGAGCATCGGG,CCACCCCCCTTCCACCACTCCAGCCCCGCCTCCGCCCCCCCCTACCCCGCGCCACTGAGCATCGGG
179,202,191,229,179,229,AGTGGTGGAAGGGGGGTGGCAGG,GGGAAGCGGCTGCCACCCCCCTTCCACC,CTCCCGGCACCAGGGAAGCGGCAATGCAGACCTGCCACCCCCCTTCCACC
177,200,180,221,177,221,TGCTCCCGGCACCAGGGAAGCGG,GGGGGTGGCAGCCGCTTCCCTGGTGCCGGGA,TGCTCCCGGCACCAGGGAAGCGGCAATGCAGACCTGCCACCCCC
175,198,191,233,175,233,CTGGAGTGGTGGAAGGGGGGTGG,GGGAAGCGGCTGCCACCCCCCTTCCACCACTC,ACTGCTCCCGGCACCAGGGAAGCGGCAATGCAGACCTGCCACCCCCCTTCCACCACTC
172,195,191,236,172,236,GGGCTGGAGTGGTGGAAGGGGGG,GGGAAGCGGCTGCCACCCCCCTTCCACCACTCCAG,GCGACTGCTCCCGGCACCAGGGAAGCGGCAATGCAGACCTGCCACCCCCCTTCCACCACTCCAG
171,194,191,237,171,237,GGGGCTGGAGTGGTGGAAGGGGG,GGGAAGCGGCTGCCACCCCCCTTCCACCACTCCAGC,GGCGACTGCTCCCGGCACCAGGGAAGCGGCAATGCAGACCTGCCACCCCCCTTCCACCACTCCAGC
171,194,174,221,171,221,GGCGACTGCTCCCGGCACCAGGG,GGGGGTGGCAGCCGCTTCCCTGGTGCCGGGAGCAGTC,GGCGACTGCTCCCGGCACCAGGGAAGCGGCAATGCAGACCTGCCACCCCC
170,193,191,238,170,238,CGGGGCTGGAGTGGTGGAAGGGG,GGGAAGCGGCTGCCACCCCCCTTCCACCACTCCAGCC,CGGCGACTGCTCCCGGCACCAGGGAAGCGGCAATGCAGACCTGCCACCCCCCTTCCACCACTCCAGCC
170,193,173,221,170,221,CGGCGACTGCTCCCGGCACCAGG,GGGGGTGGCAGCCGCTTCCCTGGTGCCGGGAGCAGTCG,CGGCGACTGCTCCCGGCACCAGGGAAGCGGCAATGCAGACCTGCCACCCCC
169,192,191,239,169,239,GCGGGGCTGGAGTGGTGGAAGGG,GGGAAGCGGCTGCCACCCCCCTTCCACCACTCCAGCCC,GCGGCGACTGCTCCCGGCACCAGGGAAGCGGCAATGCAGACCTGCCACCCCCCTTCCACCACTCCAGCCC
168,191,191,240,168,240,GGCGGGGCTGGAGTGGTGGAAGG,GGGAAGCGGCTGCCACCCCCCTTCCACCACTCCAGCCCC,AGCGGCGACTGCTCCCGGCACCAGGGAAGCGGCAATGCAGACCTGCCACCCCCCTTCCACCACTCCAGCCCC
172,195,188,236,172,236,TTTTCTCCTCTCCCCACCAATGG,ACCCCGCGCCACTAGAGACCATTGGTGGGGAGAGGAGA,GCCTCCGCCCCCCCCTACCCCGCGCCACTGAGCATCGGGAGAGACCATTGGTGGGGAGAGGAGA
183,206,186,224,183,224,ACCCCGCGCCACTGAGCATCGGG,TCCCCACCAATGGTGCTCAGTGGCGCGG,ACCCCGCGCCACTGAGCATCGGGAGAGACCATTGGTGGGGA
182,205,185,224,182,224,TACCCCGCGCCACTGAGCATCGG,TCCCCACCAATGGTGCTCAGTGGCGCGGG,TACCCCGCGCCACTGAGCATCGGGAGAGACCATTGGTGGGGA
177,200,190,231,177,231,TTTTCTCCTCTCCCCACCAATGG,GCCACTGAGCACCATTGGTGGGGAGAGGAGA,CCCCCTACCCCGCGCCACTGAGCATCGGGAGAGACCATTGGTGGGGAGAGGAGA
184,207,187,221,184,221,TGGGGAGGGAGTCAGGGCACGGG,TTTCATCATTCCCTGACTCCCTCC,TGGGGAGGGAGTCAGGGCACGGGGAGAAATGATGAAA
183,206,186,221,183,221,ATGGGGAGGGAGTCAGGGCACGG,TTTCATCATTCCCTGACTCCCTCCC,ATGGGGAGGGAGTCAGGGCACGGGGAGAAATGATGAAA
178,201,181,221,178,221,AGAGGATGGGGAGGGAGTCAGGG,TTTCATCATTCCCTGACTCCCTCCCCATCC,AGAGGATGGGGAGGGAGTCAGGGCACGGGGAGAAATGATGAAA
177,200,180,221,177,221,AAGAGGATGGGGAGGGAGTCAGG,TTTCATCATTCCCTGACTCCCTCCCCATCCT,AAGAGGATGGGGAGGGAGTCAGGGCACGGGGAGAAATGATGAAA
170,193,173,221,170,221,AGGAGAAAAGAGGATGGGGAGGG,TTTCATCATTCCCTGACTCCCTCCCCATCCTCTTTTCT,AGGAGAAAAGAGGATGGGGAGGGAGTCAGGGCACGGGGAGAAATGATGAAA
169,192,172,221,169,221,GAGGAGAAAAGAGGATGGGGAGG,TTTCATCATTCCCTGACTCCCTCCCCATCCTCTTTTCTC,GAGGAGAAAAGAGGATGGGGAGGGAGTCAGGGCACGGGGAGAAATGATGAAA
166,189,169,221,166,221,GGAGAGGAGAAAAGAGGATGGGG,TTTCATCATTCCCTGACTCCCTCCCCATCCTCTTTTCTCCTC,GGAGAGGAGAAAAGAGGATGGGGAGGGAGTCAGGGCACGGGGAGAAATGATGAAA
165,188,168,221,165,221,GGGAGAGGAGAAAAGAGGATGGG,TTTCATCATTCCCTGACTCCCTCCCCATCCTCTTTTCTCCTCT,GGGAGAGGAGAAAAGAGGATGGGGAGGGAGTCAGGGCACGGGGAGAAATGATGAAA
164,187,191,244,164,244,GCTGTTCTTGTGACAACCTCCGG,GGAGTCAGGGAATGATGAAAGGGCCGGAGGTTGTCACAAGAAC,GGGGAGAGGAGAAAAGAGGATGGGGAGGGAGTCAGGGCACGGGGAGAAATGATGAAAGGGCCGGAGGTTGTCACAAGAAC
164,187,167,221,164,221,GGGGAGAGGAGAAAAGAGGATGG,TTTCATCATTCCCTGACTCCCTCCCCATCCTCTTTTCTCCTCTC,GGGGAGAGGAGAAAAGAGGATGGGGAGGGAGTCAGGGCACGGGGAGAAATGATGAAA
180,203,183,217,180,217,TGCTCCCGGCACCAGGGAAGCGG,GCAGGTCTGCAGCTTCCCTGGTGCCGGGA,TGCTCCCGGCACCAGGGAAGCGGCAATGCAGACCTGC
174,197,177,217,174,217,GGCGACTGCTCCCGGCACCAGGG,GCAGGTCTGCAGCTTCCCTGGTGCCGGGAGCAGTC,GGCGACTGCTCCCGGCACCAGGGAAGCGGCAATGCAGACCTGC
173,196,176,217,173,217,CGGCGACTGCTCCCGGCACCAGG,GCAGGTCTGCAGCTTCCCTGGTGCCGGGAGCAGTCG,CGGCGACTGCTCCCGGCACCAGGGAAGCGGCAATGCAGACCTGC
171,194,190,232,171,232,AGTGGTGGAAGGGGGGTGGCAGG,ACCAGGGAAGCTGCAGACCTGCCACCCCCCTTCCACC,AGCGGCGACTGCTCCCGGCACCAGGGAAGCGGCAATGCAGACCTGCCACCCCCCTTCCACC
167,190,190,236,167,236,CTGGAGTGGTGGAAGGGGGGTGG,ACCAGGGAAGCTGCAGACCTGCCACCCCCCTTCCACCACTC,CGGCAGCGGCGACTGCTCCCGGCACCAGGGAAGCGGCAATGCAGACCTGCCACCCCCCTTCCACCACTC
166,189,169,217,166,217,GCGGCAGCGGCGACTGCTCCCGG,GCAGGTCTGCAGCTTCCCTGGTGCCGGGAGCAGTCGCCGCTGC,GCGGCAGCGGCGACTGCTCCCGGCACCAGGGAAGCGGCAATGCAGACCTGC
164,187,190,239,164,239,GGGCTGGAGTGGTGGAAGGGGGG,ACCAGGGAAGCTGCAGACCTGCCACCCCCCTTCCACCACTCCAG,AGGCGGCAGCGGCGACTGCTCCCGGCACCAGGGAAGCGGCAATGCAGACCTGCCACCCCCCTTCCACCACTCCAG
163,186,190,240,163,240,GGGGCTGGAGTGGTGGAAGGGGG,ACCAGGGAAGCTGCAGACCTGCCACCCCCCTTCCACCACTCCAGC,GAGGCGGCAGCGGCGACTGCTCCCGGCACCAGGGAAGCGGCAATGCAGACCTGCCACCCCCCTTCCACCACTCCAGC
162,185,190,241,162,241,CGGGGCTGGAGTGGTGGAAGGGG,ACCAGGGAAGCTGCAGACCTGCCACCCCCCTTCCACCACTCCAGCC,GGAGGCGGCAGCGGCGACTGCTCCCGGCACCAGGGAAGCGGCAATGCAGACCTGCCACCCCCCTTCCACCACTCCAGCC
161,184,190,242,161,242,GCGGGGCTGGAGTGGTGGAAGGG,ACCAGGGAAGCTGCAGACCTGCCACCCCCCTTCCACCACTCCAGCCC,CGGAGGCGGCAGCGGCGACTGCTCCCGGCACCAGGGAAGCGGCAATGCAGACCTGCCACCCCCCTTCCACCACTCCAGCCC
168,191,187,235,168,235,TTTTCTCCTCTCCCCACCAATGG,ACCCCGCGCCACTGCGGGAGAGACCATTGGTGGGGAGAGGAGA,CCCGCCTCCGCCCCCCCCTACCCCGCGCCACTGAGCATCGGGAGAGACCATTGGTGGGGAGAGGAGA
183,206,186,216,183,216,CATCGGGAGAGACCATTGGTGGG,TTCTCCTCTCCAATGGTCTCTCCCG,CATCGGGAGAGACCATTGGTGGGGAGAGGAGAA
182,205,185,216,182,216,GCATCGGGAGAGACCATTGGTGG,TTCTCCTCTCCAATGGTCTCTCCCGA,GCATCGGGAGAGACCATTGGTGGGGAGAGGAGAA
184,207,187,216,184,216,ATCGGGAGAGACCATTGGTGGGG,TTCTCCTCTCCAATGGTCTCTCCC,ATCGGGAGAGACCATTGGTGGGGAGAGGAGAA
179,202,182,216,179,216,TGAGCATCGGGAGAGACCATTGG,TTCTCCTCTCCAATGGTCTCTCCCGATGC,TGAGCATCGGGAGAGACCATTGGTGGGGAGAGGAGAA
167,190,170,216,167,216,ACCCCGCGCCACTGAGCATCGGG,TTCTCCTCTCCAATGGTCTCTCCCGATGCTCAGTGGCGCGG,ACCCCGCGCCACTGAGCATCGGGAGAGACCATTGGTGGGGAGAGGAGAA
166,189,169,216,166,216,TACCCCGCGCCACTGAGCATCGG,TTCTCCTCTCCAATGGTCTCTCCCGATGCTCAGTGGCGCGGG,TACCCCGCGCCACTGAGCATCGGGAGAGACCATTGGTGGGGAGAGGAGAA
183,206,191,220,183,220,ATGCTCAGTGGCGCGGGGTAGGG,TCCGCCCCCCCCCGCGCCACTGAG,GCCCCGCCTCCGCCCCCCCCTACCCCGCGCCACTGAG
182,205,191,221,182,221,GATGCTCAGTGGCGCGGGGTAGG,TCCGCCCCCCCCCGCGCCACTGAGC,AGCCCCGCCTCCGCCCCCCCCTACCCCGCGCCACTGAGC
178,201,191,225,178,225,TCCCGATGCTCAGTGGCGCGGGG,TCCGCCCCCCCCCGCGCCACTGAGCATCG,CTCCAGCCCCGCCTCCGCCCCCCCCTACCCCGCGCCACTGAGCATCG
177,200,191,226,177,226,CTCCCGATGCTCAGTGGCGCGGG,TCCGCCCCCCCCCGCGCCACTGAGCATCGG,ACTCCAGCCCCGCCTCCGCCCCCCCCTACCCCGCGCCACTGAGCATCGG
176,199,191,227,176,227,TCTCCCGATGCTCAGTGGCGCGG,TCCGCCCCCCCCCGCGCCACTGAGCATCGGG,CACTCCAGCCCCGCCTCCGCCCCCCCCTACCCCGCGCCACTGAGCATCGGG
171,194,191,232,171,232,TGGTCTCTCCCGATGCTCAGTGG,TCCGCCCCCCCCCGCGCCACTGAGCATCGGGAGAGA,TCCACCACTCCAGCCCCGCCTCCGCCCCCCCCTACCCCGCGCCACTGAGCATCGGGAGAGA
151,174,191,252,151,252,TTTTCTCCTCTCCCCACCAATGG,TCCGCCCCCCCCCGCGCCACTGAGCATCGGGAGAGACCATTGGTGGGGAGAGGAGA,TGCAGACCTGCCACCCCCCTTCCACCACTCCAGCCCCGCCTCCGCCCCCCCCTACCCCGCGCCACTGAGCATCGGGAGAGACCATTGGTGGGGAGAGGAGA
178,201,181,218,178,218,GGGGAGGGAGTCAGGGCACGGGG,GCCCTTTCATCACCCCGTGCCCTGACTCCCTC,GGGGAGGGAGTCAGGGCACGGGGAGAAATGATGAAAGGGC
177,200,180,218,177,218,TGGGGAGGGAGTCAGGGCACGGG,GCCCTTTCATCACCCCGTGCCCTGACTCCCTCC,TGGGGAGGGAGTCAGGGCACGGGGAGAAATGATGAAAGGGC
176,199,179,218,176,218,ATGGGGAGGGAGTCAGGGCACGG,GCCCTTTCATCACCCCGTGCCCTGACTCCCTCCC,ATGGGGAGGGAGTCAGGGCACGGGGAGAAATGATGAAAGGGC
171,194,174,218,171,218,AGAGGATGGGGAGGGAGTCAGGG,GCCCTTTCATCACCCCGTGCCCTGACTCCCTCCCCATCC,AGAGGATGGGGAGGGAGTCAGGGCACGGGGAGAAATGATGAAAGGGC
170,193,173,218,170,218,AAGAGGATGGGGAGGGAGTCAGG,GCCCTTTCATCACCCCGTGCCCTGACTCCCTCCCCATCCT,AAGAGGATGGGGAGGGAGTCAGGGCACGGGGAGAAATGATGAAAGGGC
166,189,191,237,166,237,GCTGTTCTTGTGACAACCTCCGG,GGGCACGGGGTGATGAAAGGGCCGGAGGTTGTCACAAGAAC,AGAAAAGAGGATGGGGAGGGAGTCAGGGCACGGGGAGAAATGATGAAAGGGCCGGAGGTTGTCACAAGAAC
163,186,166,218,163,218,AGGAGAAAAGAGGATGGGGAGGG,GCCCTTTCATCACCCCGTGCCCTGACTCCCTCCCCATCCTCTTTTCT,AGGAGAAAAGAGGATGGGGAGGGAGTCAGGGCACGGGGAGAAATGATGAAAGGGC
162,185,165,218,162,218,GAGGAGAAAAGAGGATGGGGAGG,GCCCTTTCATCACCCCGTGCCCTGACTCCCTCCCCATCCTCTTTTCTC,GAGGAGAAAAGAGGATGGGGAGGGAGTCAGGGCACGGGGAGAAATGATGAAAGGGC
159,182,162,218,159,218,GGAGAGGAGAAAAGAGGATGGGG,GCCCTTTCATCACCCCGTGCCCTGACTCCCTCCCCATCCTCTTTTCTCCTC,GGAGAGGAGAAAAGAGGATGGGGAGGGAGTCAGGGCACGGGGAGAAATGATGAAAGGGC
158,181,161,218,158,218,GGGAGAGGAGAAAAGAGGATGGG,GCCCTTTCATCACCCCGTGCCCTGACTCCCTCCCCATCCTCTTTTCTCCTCT,GGGAGAGGAGAAAAGAGGATGGGGAGGGAGTCAGGGCACGGGGAGAAATGATGAAAGGGC
181,204,184,216,181,216,TGCTCCCGGCACCAGGGAAGCGG,AGGTCTGCATCTTCCCTGGTGCCGGGA,TGCTCCCGGCACCAGGGAAGCGGCAATGCAGACCT
175,198,178,216,175,216,GGCGACTGCTCCCGGCACCAGGG,AGGTCTGCATCTTCCCTGGTGCCGGGAGCAGTC,GGCGACTGCTCCCGGCACCAGGGAAGCGGCAATGCAGACCT
174,197,177,216,174,216,CGGCGACTGCTCCCGGCACCAGG,AGGTCTGCATCTTCCCTGGTGCCGGGAGCAGTCG,CGGCGACTGCTCCCGGCACCAGGGAAGCGGCAATGCAGACCT
170,193,191,233,170,233,AGTGGTGGAAGGGGGGTGGCAGG,ACCAGGGAAGATGCAGACCTGCCACCCCCCTTCCACC,GCAGCGGCGACTGCTCCCGGCACCAGGGAAGCGGCAATGCAGACCTGCCACCCCCCTTCCACC
167,190,170,216,167,216,GCGGCAGCGGCGACTGCTCCCGG,AGGTCTGCATCTTCCCTGGTGCCGGGAGCAGTCGCCGCTGC,GCGGCAGCGGCGACTGCTCCCGGCACCAGGGAAGCGGCAATGCAGACCT
166,189,191,237,166,237,CTGGAGTGGTGGAAGGGGGGTGG,ACCAGGGAAGATGCAGACCTGCCACCCCCCTTCCACCACTC,GGCGGCAGCGGCGACTGCTCCCGGCACCAGGGAAGCGGCAATGCAGACCTGCCACCCCCCTTCCACCACTC
163,186,191,240,163,240,GGGCTGGAGTGGTGGAAGGGGGG,ACCAGGGAAGATGCAGACCTGCCACCCCCCTTCCACCACTCCAG,GGAGGCGGCAGCGGCGACTGCTCCCGGCACCAGGGAAGCGGCAATGCAGACCTGCCACCCCCCTTCCACCACTCCAG
162,185,191,241,162,241,GGGGCTGGAGTGGTGGAAGGGGG,ACCAGGGAAGATGCAGACCTGCCACCCCCCTTCCACCACTCCAGC,CGGAGGCGGCAGCGGCGACTGCTCCCGGCACCAGGGAAGCGGCAATGCAGACCTGCCACCCCCCTTCCACCACTCCAGC
161,184,191,242,161,242,CGGGGCTGGAGTGGTGGAAGGGG,ACCAGGGAAGATGCAGACCTGCCACCCCCCTTCCACCACTCCAGCC,GCGGAGGCGGCAGCGGCGACTGCTCCCGGCACCAGGGAAGCGGCAATGCAGACCTGCCACCCCCCTTCCACCACTCCAGCC
160,183,191,243,160,243,GCGGGGCTGGAGTGGTGGAAGGG,ACCAGGGAAGATGCAGACCTGCCACCCCCCTTCCACCACTCCAGCCC,GGCGGAGGCGGCAGCGGCGACTGCTCCCGGCACCAGGGAAGCGGCAATGCAGACCTGCCACCCCCCTTCCACCACTCCAGCCC
183,206,188,220,183,220,CAGTGGCGCGGGGTAGGGGGGGG,GCCCCGCCTCCGCCCTACCCCGCGCCA,CTCCAGCCCCGCCTCCGCCCCCCCCTACCCCGCGCCA
182,205,188,221,182,221,TCAGTGGCGCGGGGTAGGGGGGG,GCCCCGCCTCCGCCCTACCCCGCGCCAC,ACTCCAGCCCCGCCTCCGCCCCCCCCTACCCCGCGCCAC
180,203,188,223,180,223,GCTCAGTGGCGCGGGGTAGGGGG,GCCCCGCCTCCGCCCTACCCCGCGCCACTG,CCACTCCAGCCCCGCCTCCGCCCCCCCCTACCCCGCGCCACTG
179,202,188,224,179,224,TGCTCAGTGGCGCGGGGTAGGGG,GCCCCGCCTCCGCCCTACCCCGCGCCACTGA,ACCACTCCAGCCCCGCCTCCGCCCCCCCCTACCCCGCGCCACTGA
181,204,188,222,181,222,CTCAGTGGCGCGGGGTAGGGGGG,GCCCCGCCTCCGCCCTACCCCGCGCCACT,CACTCCAGCCCCGCCTCCGCCCCCCCCTACCCCGCGCCACT
178,201,188,225,178,225,ATGCTCAGTGGCGCGGGGTAGGG,GCCCCGCCTCCGCCCTACCCCGCGCCACTGAG,CACCACTCCAGCCCCGCCTCCGCCCCCCCCTACCCCGCGCCACTGAG
177,200,188,226,177,226,GATGCTCAGTGGCGCGGGGTAGG,GCCCCGCCTCCGCCCTACCCCGCGCCACTGAGC,CCACCACTCCAGCCCCGCCTCCGCCCCCCCCTACCCCGCGCCACTGAGC
173,196,188,230,173,230,TCCCGATGCTCAGTGGCGCGGGG,GCCCCGCCTCCGCCCTACCCCGCGCCACTGAGCATCG,CCTTCCACCACTCCAGCCCCGCCTCCGCCCCCCCCTACCCCGCGCCACTGAGCATCG
172,195,188,231,172,231,CTCCCGATGCTCAGTGGCGCGGG,GCCCCGCCTCCGCCCTACCCCGCGCCACTGAGCATCGG,CCCTTCCACCACTCCAGCCCCGCCTCCGCCCCCCCCTACCCCGCGCCACTGAGCATCGG
171,194,188,232,171,232,TCTCCCGATGCTCAGTGGCGCGG,GCCCCGCCTCCGCCCTACCCCGCGCCACTGAGCATCGGG,CCCCTTCCACCACTCCAGCCCCGCCTCCGCCCCCCCCTACCCCGCGCCACTGAGCATCGGG
180,203,183,216,180,216,AGAGGATGGGGAGGGAGTCAGGG,ATTTCTCCCCCTGACTCCCTCCCCATCC,AGAGGATGGGGAGGGAGTCAGGGCACGGGGAGAAAT
179,202,182,216,179,216,AAGAGGATGGGGAGGGAGTCAGG,ATTTCTCCCCCTGACTCCCTCCCCATCCT,AAGAGGATGGGGAGGGAGTCAGGGCACGGGGAGAAAT
172,195,175,216,172,216,AGGAGAAAAGAGGATGGGGAGGG,ATTTCTCCCCCTGACTCCCTCCCCATCCTCTTTTCT,AGGAGAAAAGAGGATGGGGAGGGAGTCAGGGCACGGGGAGAAAT
171,194,174,216,171,216,GAGGAGAAAAGAGGATGGGGAGG,ATTTCTCCCCCTGACTCCCTCCCCATCCTCTTTTCTC,GAGGAGAAAAGAGGATGGGGAGGGAGTCAGGGCACGGGGAGAAAT
168,191,171,216,168,216,GGAGAGGAGAAAAGAGGATGGGG,ATTTCTCCCCCTGACTCCCTCCCCATCCTCTTTTCTCCTC,GGAGAGGAGAAAAGAGGATGGGGAGGGAGTCAGGGCACGGGGAGAAAT
167,190,170,216,167,216,GGGAGAGGAGAAAAGAGGATGGG,ATTTCTCCCCCTGACTCCCTCCCCATCCTCTTTTCTCCTCT,GGGAGAGGAGAAAAGAGGATGGGGAGGGAGTCAGGGCACGGGGAGAAAT
166,189,169,216,166,216,GGGGAGAGGAGAAAAGAGGATGG,ATTTCTCCCCCTGACTCCCTCCCCATCCTCTTTTCTCCTCTC,GGGGAGAGGAGAAAAGAGGATGGGGAGGGAGTCAGGGCACGGGGAGAAAT
162,185,165,216,162,216,TGGTGGGGAGAGGAGAAAAGAGG,ATTTCTCCCCCTGACTCCCTCCCCATCCTCTTTTCTCCTCTCCCCA,TGGTGGGGAGAGGAGAAAAGAGGATGGGGAGGGAGTCAGGGCACGGGGAGAAAT
157,180,191,246,157,246,GCTGTTCTTGTGACAACCTCCGG,AGGGAGTCAGGGGGAGAAATGATGAAAGGGCCGGAGGTTGTCACAAGAAC,ACCATTGGTGGGGAGAGGAGAAAAGAGGATGGGGAGGGAGTCAGGGCACGGGGAGAAATGATGAAAGGGCCGGAGGTTGTCACAAGAAC
152,175,155,216,152,216,GAGAGACCATTGGTGGGGAGAGG,ATTTCTCCCCCTGACTCCCTCCCCATCCTCTTTTCTCCTCTCCCCACCAATGGTCT,GAGAGACCATTGGTGGGGAGAGGAGAAAAGAGGATGGGGAGGGAGTCAGGGCACGGGGAGAAAT
180,203,190,223,180,223,GGTAGGGGGGGGCGGAGGCGGGG,TCCACCACTCCCGCCTCCGCCCCCCCCT,CCACCCCCCTTCCACCACTCCAGCCCCGCCTCCGCCCCCCCCT
179,202,190,224,179,224,GGGTAGGGGGGGGCGGAGGCGGG,TCCACCACTCCCGCCTCCGCCCCCCCCTA,GCCACCCCCCTTCCACCACTCCAGCCCCGCCTCCGCCCCCCCCTA
178,201,190,225,178,225,GGGGTAGGGGGGGGCGGAGGCGG,TCCACCACTCCCGCCTCCGCCCCCCCCTAC,TGCCACCCCCCTTCCACCACTCCAGCCCCGCCTCCGCCCCCCCCTAC
175,198,190,228,175,228,CGCGGGGTAGGGGGGGGCGGAGG,TCCACCACTCCCGCCTCCGCCCCCCCCTACCCC,ACCTGCCACCCCCCTTCCACCACTCCAGCCCCGCCTCCGCCCCCCCCTACCCC
172,195,190,231,172,231,TGGCGCGGGGTAGGGGGGGGCGG,TCCACCACTCCCGCCTCCGCCCCCCCCTACCCCGCG,CAGACCTGCCACCCCCCTTCCACCACTCCAGCCCCGCCTCCGCCCCCCCCTACCCCGCG
169,192,190,234,169,234,CAGTGGCGCGGGGTAGGGGGGGG,TCCACCACTCCCGCCTCCGCCCCCCCCTACCCCGCGCCA,ATGCAGACCTGCCACCCCCCTTCCACCACTCCAGCCCCGCCTCCGCCCCCCCCTACCCCGCGCCA
168,191,190,235,168,235,TCAGTGGCGCGGGGTAGGGGGGG,TCCACCACTCCCGCCTCCGCCCCCCCCTACCCCGCGCCAC,AATGCAGACCTGCCACCCCCCTTCCACCACTCCAGCCCCGCCTCCGCCCCCCCCTACCCCGCGCCAC
167,190,190,236,167,236,CTCAGTGGCGCGGGGTAGGGGGG,TCCACCACTCCCGCCTCCGCCCCCCCCTACCCCGCGCCACT,CAATGCAGACCTGCCACCCCCCTTCCACCACTCCAGCCCCGCCTCCGCCCCCCCCTACCCCGCGCCACT
166,189,190,237,166,237,GCTCAGTGGCGCGGGGTAGGGGG,TCCACCACTCCCGCCTCCGCCCCCCCCTACCCCGCGCCACTG,GCAATGCAGACCTGCCACCCCCCTTCCACCACTCCAGCCCCGCCTCCGCCCCCCCCTACCCCGCGCCACTG
165,188,190,238,165,238,TGCTCAGTGGCGCGGGGTAGGGG,TCCACCACTCCCGCCTCCGCCCCCCCCTACCCCGCGCCACTGA,GGCAATGCAGACCTGCCACCCCCCTTCCACCACTCCAGCCCCGCCTCCGCCCCCCCCTACCCCGCGCCACTGA
182,205,189,221,182,221,GGGGTAGGGGGGGGCGGAGGCGG,ACCACTCCAGCCTCCGCCCCCCCCTAC,CCCTTCCACCACTCCAGCCCCGCCTCCGCCCCCCCCTAC
183,206,189,220,183,220,GGGTAGGGGGGGGCGGAGGCGGG,ACCACTCCAGCCTCCGCCCCCCCCTA,CCTTCCACCACTCCAGCCCCGCCTCCGCCCCCCCCTA
179,202,189,224,179,224,CGCGGGGTAGGGGGGGGCGGAGG,ACCACTCCAGCCTCCGCCCCCCCCTACCCC,CCCCCCTTCCACCACTCCAGCCCCGCCTCCGCCCCCCCCTACCCC
176,199,189,227,176,227,TGGCGCGGGGTAGGGGGGGGCGG,ACCACTCCAGCCTCCGCCCCCCCCTACCCCGCG,CCACCCCCCTTCCACCACTCCAGCCCCGCCTCCGCCCCCCCCTACCCCGCG
173,196,189,230,173,230,CAGTGGCGCGGGGTAGGGGGGGG,ACCACTCCAGCCTCCGCCCCCCCCTACCCCGCGCCA,CTGCCACCCCCCTTCCACCACTCCAGCCCCGCCTCCGCCCCCCCCTACCCCGCGCCA
172,195,189,231,172,231,TCAGTGGCGCGGGGTAGGGGGGG,ACCACTCCAGCCTCCGCCCCCCCCTACCCCGCGCCAC,CCTGCCACCCCCCTTCCACCACTCCAGCCCCGCCTCCGCCCCCCCCTACCCCGCGCCAC
171,194,189,232,171,232,CTCAGTGGCGCGGGGTAGGGGGG,ACCACTCCAGCCTCCGCCCCCCCCTACCCCGCGCCACT,ACCTGCCACCCCCCTTCCACCACTCCAGCCCCGCCTCCGCCCCCCCCTACCCCGCGCCACT
170,193,189,233,170,233,GCTCAGTGGCGCGGGGTAGGGGG,ACCACTCCAGCCTCCGCCCCCCCCTACCCCGCGCCACTG,GACCTGCCACCCCCCTTCCACCACTCCAGCCCCGCCTCCGCCCCCCCCTACCCCGCGCCACTG
169,192,189,234,169,234,TGCTCAGTGGCGCGGGGTAGGGG,ACCACTCCAGCCTCCGCCCCCCCCTACCCCGCGCCACTGA,AGACCTGCCACCCCCCTTCCACCACTCCAGCCCCGCCTCCGCCCCCCCCTACCCCGCGCCACTGA
168,191,189,235,168,235,ATGCTCAGTGGCGCGGGGTAGGG,ACCACTCCAGCCTCCGCCCCCCCCTACCCCGCGCCACTGAG,CAGACCTGCCACCCCCCTTCCACCACTCCAGCCCCGCCTCCGCCCCCCCCTACCCCGCGCCACTGAG
175,198,191,224,175,224,AGTGGTGGAAGGGGGGTGGCAGG,GCGGCAATGCGACCTGCCACCCCCCTTCCACC,TCCCGGCACCAGGGAAGCGGCAATGCAGACCTGCCACCCCCCTTCCACC
172,195,175,212,172,212,TGCTCCCGGCACCAGGGAAGCGG,GTGGCAGGTCGCATTGCCGCTTCCCTGGTGCCGGGA,TGCTCCCGGCACCAGGGAAGCGGCAATGCAGACCTGCCAC
171,194,191,228,171,228,CTGGAGTGGTGGAAGGGGGGTGG,GCGGCAATGCGACCTGCCACCCCCCTTCCACCACTC,CTGCTCCCGGCACCAGGGAAGCGGCAATGCAGACCTGCCACCCCCCTTCCACCACTC
168,191,191,231,168,231,GGGCTGGAGTGGTGGAAGGGGGG,GCGGCAATGCGACCTGCCACCCCCCTTCCACCACTCCAG,CGACTGCTCCCGGCACCAGGGAAGCGGCAATGCAGACCTGCCACCCCCCTTCCACCACTCCAG
167,190,191,232,167,232,GGGGCTGGAGTGGTGGAAGGGGG,GCGGCAATGCGACCTGCCACCCCCCTTCCACCACTCCAGC,GCGACTGCTCCCGGCACCAGGGAAGCGGCAATGCAGACCTGCCACCCCCCTTCCACCACTCCAGC
166,189,191,233,166,233,CGGGGCTGGAGTGGTGGAAGGGG,GCGGCAATGCGACCTGCCACCCCCCTTCCACCACTCCAGCC,GGCGACTGCTCCCGGCACCAGGGAAGCGGCAATGCAGACCTGCCACCCCCCTTCCACCACTCCAGCC
166,189,169,212,166,212,GGCGACTGCTCCCGGCACCAGGG,GTGGCAGGTCGCATTGCCGCTTCCCTGGTGCCGGGAGCAGTC,GGCGACTGCTCCCGGCACCAGGGAAGCGGCAATGCAGACCTGCCAC
165,188,191,234,165,234,GCGGGGCTGGAGTGGTGGAAGGG,GCGGCAATGCGACCTGCCACCCCCCTTCCACCACTCCAGCCC,CGGCGACTGCTCCCGGCACCAGGGAAGCGGCAATGCAGACCTGCCACCCCCCTTCCACCACTCCAGCCC
165,188,168,212,165,212,CGGCGACTGCTCCCGGCACCAGG,GTGGCAGGTCGCATTGCCGCTTCCCTGGTGCCGGGAGCAGTCG,CGGCGACTGCTCCCGGCACCAGGGAAGCGGCAATGCAGACCTGCCAC
164,187,191,235,164,235,GGCGGGGCTGGAGTGGTGGAAGG,GCGGCAATGCGACCTGCCACCCCCCTTCCACCACTCCAGCCCC,GCGGCGACTGCTCCCGGCACCAGGGAAGCGGCAATGCAGACCTGCCACCCCCCTTCCACCACTCCAGCCCC
184,207,187,212,184,212,GGGGAGGGAGTCAGGGCACGGGG,TTTCTCCCCGGCCCTGACTCCCTC,GGGGAGGGAGTCAGGGCACGGGGAGAAA
183,206,186,212,183,212,TGGGGAGGGAGTCAGGGCACGGG,TTTCTCCCCGGCCCTGACTCCCTCC,TGGGGAGGGAGTCAGGGCACGGGGAGAAA
182,205,185,212,182,212,ATGGGGAGGGAGTCAGGGCACGG,TTTCTCCCCGGCCCTGACTCCCTCCC,ATGGGGAGGGAGTCAGGGCACGGGGAGAAA
177,200,180,212,177,212,AGAGGATGGGGAGGGAGTCAGGG,TTTCTCCCCGGCCCTGACTCCCTCCCCATCC,AGAGGATGGGGAGGGAGTCAGGGCACGGGGAGAAA
176,199,179,212,176,212,AAGAGGATGGGGAGGGAGTCAGG,TTTCTCCCCGGCCCTGACTCCCTCCCCATCCT,AAGAGGATGGGGAGGGAGTCAGGGCACGGGGAGAAA
169,192,172,212,169,212,AGGAGAAAAGAGGATGGGGAGGG,TTTCTCCCCGGCCCTGACTCCCTCCCCATCCTCTTTTCT,AGGAGAAAAGAGGATGGGGAGGGAGTCAGGGCACGGGGAGAAA
168,191,171,212,168,212,GAGGAGAAAAGAGGATGGGGAGG,TTTCTCCCCGGCCCTGACTCCCTCCCCATCCTCTTTTCTC,GAGGAGAAAAGAGGATGGGGAGGGAGTCAGGGCACGGGGAGAAA
165,188,168,212,165,212,GGAGAGGAGAAAAGAGGATGGGG,TTTCTCCCCGGCCCTGACTCCCTCCCCATCCTCTTTTCTCCTC,GGAGAGGAGAAAAGAGGATGGGGAGGGAGTCAGGGCACGGGGAGAAA
164,187,167,212,164,212,GGGAGAGGAGAAAAGAGGATGGG,TTTCTCCCCGGCCCTGACTCCCTCCCCATCCTCTTTTCTCCTCT,GGGAGAGGAGAAAAGAGGATGGGGAGGGAGTCAGGGCACGGGGAGAAA
163,186,166,212,163,212,GGGGAGAGGAGAAAAGAGGATGG,TTTCTCCCCGGCCCTGACTCCCTCCCCATCCTCTTTTCTCCTCTC,GGGGAGAGGAGAAAAGAGGATGGGGAGGGAGTCAGGGCACGGGGAGAAA
182,205,185,212,182,212,ACCCCGCGCCACTGAGCATCGGG,GGTCTCTCCCATGCTCAGTGGCGCGG,ACCCCGCGCCACTGAGCATCGGGAGAGACC
181,204,184,212,181,212,TACCCCGCGCCACTGAGCATCGG,GGTCTCTCCCATGCTCAGTGGCGCGGG,TACCCCGCGCCACTGAGCATCGGGAGAGACC
169,192,189,230,169,230,TTTTCTCCTCTCCCCACCAATGG,GCCACTGAGCATGGGAGAGACCATTGGTGGGGAGAGGAGA,TCCGCCCCCCCCTACCCCGCGCCACTGAGCATCGGGAGAGACCATTGGTGGGGAGAGGAGA
183,206,186,213,183,213,GGAGAGGAGAAAAGAGGATGGGG,ACTCCCTCCCCTCCTCTTTTCTCCTC,GGAGAGGAGAAAAGAGGATGGGGAGGGAGT
182,205,185,213,182,213,GGGAGAGGAGAAAAGAGGATGGG,ACTCCCTCCCCTCCTCTTTTCTCCTCT,GGGAGAGGAGAAAAGAGGATGGGGAGGGAGT
181,204,184,213,181,213,GGGGAGAGGAGAAAAGAGGATGG,ACTCCCTCCCCTCCTCTTTTCTCCTCTC,GGGGAGAGGAGAAAAGAGGATGGGGAGGGAGT
177,200,180,213,177,213,TGGTGGGGAGAGGAGAAAAGAGG,ACTCCCTCCCCTCCTCTTTTCTCCTCTCCCCA,TGGTGGGGAGAGGAGAAAAGAGGATGGGGAGGGAGT
167,190,170,213,167,213,GAGAGACCATTGGTGGGGAGAGG,ACTCCCTCCCCTCCTCTTTTCTCCTCTCCCCACCAATGGTCT,GAGAGACCATTGGTGGGGAGAGGAGAAAAGAGGATGGGGAGGGAGT
162,185,165,213,162,213,ATCGGGAGAGACCATTGGTGGGG,ACTCCCTCCCCTCCTCTTTTCTCCTCTCCCCACCAATGGTCTCTCCC,ATCGGGAGAGACCATTGGTGGGGAGAGGAGAAAAGAGGATGGGGAGGGAGT
161,184,164,213,161,213,CATCGGGAGAGACCATTGGTGGG,ACTCCCTCCCCTCCTCTTTTCTCCTCTCCCCACCAATGGTCTCTCCCG,CATCGGGAGAGACCATTGGTGGGGAGAGGAGAAAAGAGGATGGGGAGGGAGT
160,183,163,213,160,213,GCATCGGGAGAGACCATTGGTGG,ACTCCCTCCCCTCCTCTTTTCTCCTCTCCCCACCAATGGTCTCTCCCGA,GCATCGGGAGAGACCATTGGTGGGGAGAGGAGAAAAGAGGATGGGGAGGGAGT
157,180,160,213,157,213,TGAGCATCGGGAGAGACCATTGG,ACTCCCTCCCCTCCTCTTTTCTCCTCTCCCCACCAATGGTCTCTCCCGATGC,TGAGCATCGGGAGAGACCATTGGTGGGGAGAGGAGAAAAGAGGATGGGGAGGGAGT
145,168,148,213,145,213,ACCCCGCGCCACTGAGCATCGGG,ACTCCCTCCCCTCCTCTTTTCTCCTCTCCCCACCAATGGTCTCTCCCGATGCTCAGTGGCGCGG,ACCCCGCGCCACTGAGCATCGGGAGAGACCATTGGTGGGGAGAGGAGAAAAGAGGATGGGGAGGGAGT
179,202,182,212,179,212,AGGAGAAAAGAGGATGGGGAGGG,TGCCCTGACTCCTCCCCATCCTCTTTTCT,AGGAGAAAAGAGGATGGGGAGGGAGTCAGGGCA
178,201,181,212,178,212,GAGGAGAAAAGAGGATGGGGAGG,TGCCCTGACTCCTCCCCATCCTCTTTTCTC,GAGGAGAAAAGAGGATGGGGAGGGAGTCAGGGCA
175,198,178,212,175,212,GGAGAGGAGAAAAGAGGATGGGG,TGCCCTGACTCCTCCCCATCCTCTTTTCTCCTC,GGAGAGGAGAAAAGAGGATGGGGAGGGAGTCAGGGCA
174,197,177,212,174,212,GGGAGAGGAGAAAAGAGGATGGG,TGCCCTGACTCCTCCCCATCCTCTTTTCTCCTCT,GGGAGAGGAGAAAAGAGGATGGGGAGGGAGTCAGGGCA
173,196,176,212,173,212,GGGGAGAGGAGAAAAGAGGATGG,TGCCCTGACTCCTCCCCATCCTCTTTTCTCCTCTC,GGGGAGAGGAGAAAAGAGGATGGGGAGGGAGTCAGGGCA
169,192,172,212,169,212,TGGTGGGGAGAGGAGAAAAGAGG,TGCCCTGACTCCTCCCCATCCTCTTTTCTCCTCTCCCCA,TGGTGGGGAGAGGAGAAAAGAGGATGGGGAGGGAGTCAGGGCA
159,182,162,212,159,212,GAGAGACCATTGGTGGGGAGAGG,TGCCCTGACTCCTCCCCATCCTCTTTTCTCCTCTCCCCACCAATGGTCT,GAGAGACCATTGGTGGGGAGAGGAGAAAAGAGGATGGGGAGGGAGTCAGGGCA
154,177,157,212,154,212,ATCGGGAGAGACCATTGGTGGGG,TGCCCTGACTCCTCCCCATCCTCTTTTCTCCTCTCCCCACCAATGGTCTCTCCC,ATCGGGAGAGACCATTGGTGGGGAGAGGAGAAAAGAGGATGGGGAGGGAGTCAGGGCA
153,176,156,212,153,212,CATCGGGAGAGACCATTGGTGGG,TGCCCTGACTCCTCCCCATCCTCTTTTCTCCTCTCCCCACCAATGGTCTCTCCCG,CATCGGGAGAGACCATTGGTGGGGAGAGGAGAAAAGAGGATGGGGAGGGAGTCAGGGCA
152,175,155,212,152,212,GCATCGGGAGAGACCATTGGTGG,TGCCCTGACTCCTCCCCATCCTCTTTTCTCCTCTCCCCACCAATGGTCTCTCCCGA,GCATCGGGAGAGACCATTGGTGGGGAGAGGAGAAAAGAGGATGGGGAGGGAGTCAGGGCA
181,204,191,218,181,218,ATTGCCGCTTCCCTGGTGCCGGG,GACTGCTCCCGCACCAGGGAAGCGGC,CGGCAGCGGCGACTGCTCCCGGCACCAGGGAAGCGGC
180,203,183,212,180,212,GCGGCAGCGGCGACTGCTCCCGG,TCCCTGGTGCGGGAGCAGTCGCCGCTGC,GCGGCAGCGGCGACTGCTCCCGGCACCAGGGA
180,203,191,219,180,219,CATTGCCGCTTCCCTGGTGCCGG,GACTGCTCCCGCACCAGGGAAGCGGCA,GCGGCAGCGGCGACTGCTCCCGGCACCAGGGAAGCGGCA
174,197,191,225,174,225,GGTCTGCATTGCCGCTTCCCTGG,GACTGCTCCCGCACCAGGGAAGCGGCAATGCAG,GCGGAGGCGGCAGCGGCGACTGCTCCCGGCACCAGGGAAGCGGCAATGCAG
167,190,170,212,167,212,GCCGCGGGCGGAGGCGGCAGCGG,TCCCTGGTGCGGGAGCAGTCGCCGCTGCCGCCTCCGCCCGC,GCCGCGGGCGGAGGCGGCAGCGGCGACTGCTCCCGGCACCAGGGA
161,184,164,212,161,212,GTCCCGGCCGCGGGCGGAGGCGG,TCCCTGGTGCGGGAGCAGTCGCCGCTGCCGCCTCCGCCCGCGGCCGG,GTCCCGGCCGCGGGCGGAGGCGGCAGCGGCGACTGCTCCCGGCACCAGGGA
158,181,161,212,158,212,GGGGTCCCGGCCGCGGGCGGAGG,TCCCTGGTGCGGGAGCAGTCGCCGCTGCCGCCTCCGCCCGCGGCCGGGAC,GGGGTCCCGGCCGCGGGCGGAGGCGGCAGCGGCGACTGCTCCCGGCACCAGGGA
155,178,158,212,155,212,ACGGGGGTCCCGGCCGCGGGCGG,TCCCTGGTGCGGGAGCAGTCGCCGCTGCCGCCTCCGCCCGCGGCCGGGACCCC,ACGGGGGTCCCGGCCGCGGGCGGAGGCGGCAGCGGCGACTGCTCCCGGCACCAGGGA
153,176,191,246,153,246,AGTGGTGGAAGGGGGGTGGCAGG,GACTGCTCCCGCACCAGGGAAGCGGCAATGCAGACCTGCCACCCCCCTTCCACC,GGACGGGGGTCCCGGCCGCGGGCGGAGGCGGCAGCGGCGACTGCTCCCGGCACCAGGGAAGCGGCAATGCAGACCTGCCACCCCCCTTCCACC
152,175,155,212,152,212,AGGACGGGGGTCCCGGCCGCGGG,TCCCTGGTGCGGGAGCAGTCGCCGCTGCCGCCTCCGCCCGCGGCCGGGACCCCCGT,AGGACGGGGGTCCCGGCCGCGGGCGGAGGCGGCAGCGGCGACTGCTCCCGGCACCAGGGA
177,200,191,222,177,222,AGTGGTGGAAGGGGGGTGGCAGG,GGCAATGCAGCCTGCCACCCCCCTTCCACC,GGCACCAGGGAAGCGGCAATGCAGACCTGCCACCCCCCTTCCACC
173,196,191,226,173,226,CTGGAGTGGTGGAAGGGGGGTGG,GGCAATGCAGCCTGCCACCCCCCTTCCACCACTC,TCCCGGCACCAGGGAAGCGGCAATGCAGACCTGCCACCCCCCTTCCACCACTC
170,193,191,229,170,229,GGGCTGGAGTGGTGGAAGGGGGG,GGCAATGCAGCCTGCCACCCCCCTTCCACCACTCCAG,TGCTCCCGGCACCAGGGAAGCGGCAATGCAGACCTGCCACCCCCCTTCCACCACTCCAG
170,193,173,212,170,212,TGCTCCCGGCACCAGGGAAGCGG,GGGTGGCAGGCTGCATTGCCGCTTCCCTGGTGCCGGGA,TGCTCCCGGCACCAGGGAAGCGGCAATGCAGACCTGCCACCC
169,192,191,230,169,230,GGGGCTGGAGTGGTGGAAGGGGG,GGCAATGCAGCCTGCCACCCCCCTTCCACCACTCCAGC,CTGCTCCCGGCACCAGGGAAGCGGCAATGCAGACCTGCCACCCCCCTTCCACCACTCCAGC
168,191,191,231,168,231,CGGGGCTGGAGTGGTGGAAGGGG,GGCAATGCAGCCTGCCACCCCCCTTCCACCACTCCAGCC,ACTGCTCCCGGCACCAGGGAAGCGGCAATGCAGACCTGCCACCCCCCTTCCACCACTCCAGCC
167,190,191,232,167,232,GCGGGGCTGGAGTGGTGGAAGGG,GGCAATGCAGCCTGCCACCCCCCTTCCACCACTCCAGCCC,GACTGCTCCCGGCACCAGGGAAGCGGCAATGCAGACCTGCCACCCCCCTTCCACCACTCCAGCCC
166,189,191,233,166,233,GGCGGGGCTGGAGTGGTGGAAGG,GGCAATGCAGCCTGCCACCCCCCTTCCACCACTCCAGCCCC,CGACTGCTCCCGGCACCAGGGAAGCGGCAATGCAGACCTGCCACCCCCCTTCCACCACTCCAGCCCC
164,187,167,212,164,212,GGCGACTGCTCCCGGCACCAGGG,GGGTGGCAGGCTGCATTGCCGCTTCCCTGGTGCCGGGAGCAGTC,GGCGACTGCTCCCGGCACCAGGGAAGCGGCAATGCAGACCTGCCACCC
163,186,166,212,163,212,CGGCGACTGCTCCCGGCACCAGG,GGGTGGCAGGCTGCATTGCCGCTTCCCTGGTGCCGGGAGCAGTCG,CGGCGACTGCTCCCGGCACCAGGGAAGCGGCAATGCAGACCTGCCACCC
184,207,187,213,184,213,TGAGCATCGGGAGAGACCATTGG,TCCCCACCAATGTCTCTCCCGATGC,TGAGCATCGGGAGAGACCATTGGTGGGGA
179,202,190,220,179,220,TTTTCTCCTCTCCCCACCAATGG,TCGGGAGAGACATTGGTGGGGAGAGGAGA,GCCACTGAGCATCGGGAGAGACCATTGGTGGGGAGAGGAGA
172,195,175,213,172,213,ACCCCGCGCCACTGAGCATCGGG,TCCCCACCAATGTCTCTCCCGATGCTCAGTGGCGCGG,ACCCCGCGCCACTGAGCATCGGGAGAGACCATTGGTGGGGA
171,194,174,213,171,213,TACCCCGCGCCACTGAGCATCGG,TCCCCACCAATGTCTCTCCCGATGCTCAGTGGCGCGGG,TACCCCGCGCCACTGAGCATCGGGAGAGACCATTGGTGGGGA
182,205,190,217,182,217,CAGTGGCGCGGGGTAGGGGGGGG,GCCTCCGCCCCCCCTACCCCGCGCCA,CCAGCCCCGCCTCCGCCCCCCCCTACCCCGCGCCA
181,204,190,218,181,218,TCAGTGGCGCGGGGTAGGGGGGG,GCCTCCGCCCCCCCTACCCCGCGCCAC,TCCAGCCCCGCCTCCGCCCCCCCCTACCCCGCGCCAC
180,203,190,219,180,219,CTCAGTGGCGCGGGGTAGGGGGG,GCCTCCGCCCCCCCTACCCCGCGCCACT,CTCCAGCCCCGCCTCCGCCCCCCCCTACCCCGCGCCACT
179,202,190,220,179,220,GCTCAGTGGCGCGGGGTAGGGGG,GCCTCCGCCCCCCCTACCCCGCGCCACTG,ACTCCAGCCCCGCCTCCGCCCCCCCCTACCCCGCGCCACTG
178,201,190,221,178,221,TGCTCAGTGGCGCGGGGTAGGGG,GCCTCCGCCCCCCCTACCCCGCGCCACTGA,CACTCCAGCCCCGCCTCCGCCCCCCCCTACCCCGCGCCACTGA
177,200,190,222,177,222,ATGCTCAGTGGCGCGGGGTAGGG,GCCTCCGCCCCCCCTACCCCGCGCCACTGAG,CCACTCCAGCCCCGCCTCCGCCCCCCCCTACCCCGCGCCACTGAG
176,199,190,223,176,223,GATGCTCAGTGGCGCGGGGTAGG,GCCTCCGCCCCCCCTACCCCGCGCCACTGAGC,ACCACTCCAGCCCCGCCTCCGCCCCCCCCTACCCCGCGCCACTGAGC
172,195,190,227,172,227,TCCCGATGCTCAGTGGCGCGGGG,GCCTCCGCCCCCCCTACCCCGCGCCACTGAGCATCG,TTCCACCACTCCAGCCCCGCCTCCGCCCCCCCCTACCCCGCGCCACTGAGCATCG
171,194,190,228,171,228,CTCCCGATGCTCAGTGGCGCGGG,GCCTCCGCCCCCCCTACCCCGCGCCACTGAGCATCGG,CTTCCACCACTCCAGCCCCGCCTCCGCCCCCCCCTACCCCGCGCCACTGAGCATCGG
170,193,190,229,170,229,TCTCCCGATGCTCAGTGGCGCGG,GCCTCCGCCCCCCCTACCCCGCGCCACTGAGCATCGGG,CCTTCCACCACTCCAGCCCCGCCTCCGCCCCCCCCTACCCCGCGCCACTGAGCATCGGG
180,203,190,219,180,219,GGGGGGGGCGGAGGCGGGGCTGG,TCCACCACTCCGCCCCGCCTCCGCCCCC,CCACCCCCCTTCCACCACTCCAGCCCCGCCTCCGCCCCC
176,199,190,223,176,223,GGTAGGGGGGGGCGGAGGCGGGG,TCCACCACTCCGCCCCGCCTCCGCCCCCCCCT,CCTGCCACCCCCCTTCCACCACTCCAGCCCCGCCTCCGCCCCCCCCT
175,198,190,224,175,224,GGGTAGGGGGGGGCGGAGGCGGG,TCCACCACTCCGCCCCGCCTCCGCCCCCCCCTA,ACCTGCCACCCCCCTTCCACCACTCCAGCCCCGCCTCCGCCCCCCCCTA
174,197,190,225,174,225,GGGGTAGGGGGGGGCGGAGGCGG,TCCACCACTCCGCCCCGCCTCCGCCCCCCCCTAC,GACCTGCCACCCCCCTTCCACCACTCCAGCCCCGCCTCCGCCCCCCCCTAC
171,194,190,228,171,228,CGCGGGGTAGGGGGGGGCGGAGG,TCCACCACTCCGCCCCGCCTCCGCCCCCCCCTACCCC,GCAGACCTGCCACCCCCCTTCCACCACTCCAGCCCCGCCTCCGCCCCCCCCTACCCC
168,191,190,231,168,231,TGGCGCGGGGTAGGGGGGGGCGG,TCCACCACTCCGCCCCGCCTCCGCCCCCCCCTACCCCGCG,AATGCAGACCTGCCACCCCCCTTCCACCACTCCAGCCCCGCCTCCGCCCCCCCCTACCCCGCG
165,188,190,234,165,234,CAGTGGCGCGGGGTAGGGGGGGG,TCCACCACTCCGCCCCGCCTCCGCCCCCCCCTACCCCGCGCCA,GGCAATGCAGACCTGCCACCCCCCTTCCACCACTCCAGCCCCGCCTCCGCCCCCCCCTACCCCGCGCCA
164,187,190,235,164,235,TCAGTGGCGCGGGGTAGGGGGGG,TCCACCACTCCGCCCCGCCTCCGCCCCCCCCTACCCCGCGCCAC,CGGCAATGCAGACCTGCCACCCCCCTTCCACCACTCCAGCCCCGCCTCCGCCCCCCCCTACCCCGCGCCAC
163,186,190,236,163,236,CTCAGTGGCGCGGGGTAGGGGGG,TCCACCACTCCGCCCCGCCTCCGCCCCCCCCTACCCCGCGCCACT,GCGGCAATGCAGACCTGCCACCCCCCTTCCACCACTCCAGCCCCGCCTCCGCCCCCCCCTACCCCGCGCCACT
162,185,190,237,162,237,GCTCAGTGGCGCGGGGTAGGGGG,TCCACCACTCCGCCCCGCCTCCGCCCCCCCCTACCCCGCGCCACTG,AGCGGCAATGCAGACCTGCCACCCCCCTTCCACCACTCCAGCCCCGCCTCCGCCCCCCCCTACCCCGCGCCACTG
